"","work_year","experience_level","employment_type","salary_in_usd","employee_residence","remote_ratio","company_location","company_size","discipline","role","leadership","standardized_year","standardized_remote_ratio"
"1",2020,"1","FT",79833,"DE",0,"DE","3","Data Science","Research","0",-2.03034945335895,-1.74217847314354
"2",2020,"2","FT",260000,"JP",0,"JP","1","Data Science","Research","0",-2.03034945335895,-1.74217847314354
"3",2020,"2","FT",109024,"GB",50,"GB","2","Data Science","Engineering","0",-2.03034945335895,-0.513952766757793
"4",2020,"1","FT",20000,"HN",0,"HN","1","Data Science","Analyst","0",-2.03034945335895,-1.74217847314354
"5",2020,"2","FT",150000,"US",50,"US","3","Machine Learning","Engineering","0",-2.03034945335895,-0.513952766757793
"6",2020,"0","FT",72000,"US",100,"US","3","Data Science","Analyst","0",-2.03034945335895,0.714272939627956
"7",2020,"2","FT",190000,"US",100,"US","1","Data Science","Research","1",-2.03034945335895,0.714272939627956
"8",2020,"1","FT",35735,"HU",50,"HU","3","Data Science","Research","0",-2.03034945335895,-0.513952766757793
"9",2020,"1","FT",135000,"US",100,"US","3","Data Science","Analyst","0",-2.03034945335895,0.714272939627956
"10",2020,"2","FT",125000,"NZ",50,"NZ","1","Data Science","Engineering","1",-2.03034945335895,-0.513952766757793
"11",2020,"0","FT",51321,"FR",0,"FR","1","Data Science","Research","0",-2.03034945335895,-1.74217847314354
"12",2020,"1","FT",40481,"IN",0,"IN","3","Data Science","Research","0",-2.03034945335895,-1.74217847314354
"13",2020,"0","FT",39916,"FR",0,"FR","2","Data Science","Research","0",-2.03034945335895,-1.74217847314354
"14",2020,"1","FT",87000,"US",100,"US","3","Data Science","Analyst","1",-2.03034945335895,0.714272939627956
"15",2020,"1","FT",85000,"US",100,"US","3","Data Science","Analyst","0",-2.03034945335895,0.714272939627956
"16",2020,"1","FT",8000,"PK",50,"PK","3","Data Science","Analyst","0",-2.03034945335895,-0.513952766757793
"17",2020,"0","FT",41689,"JP",100,"JP","1","Data Science","Engineering","0",-2.03034945335895,0.714272939627956
"18",2020,"2","FT",114047,"PL",100,"GB","1","Data Science","Engineering","0",-2.03034945335895,0.714272939627956
"19",2020,"0","FT",5707,"IN",50,"IN","2","Data Science","Research","0",-2.03034945335895,-0.513952766757793
"20",2020,"1","FT",56000,"PT",100,"US","2","Data Science","Engineering","1",-2.03034945335895,0.714272939627956
"21",2020,"1","FT",43331,"CN",0,"CN","2","Machine Learning","Engineering","0",-2.03034945335895,-1.74217847314354
"22",2020,"1","FT",6072,"IN",100,"IN","3","Data Science","Analyst","0",-2.03034945335895,0.714272939627956
"23",2020,"2","FT",47899,"GR",50,"GR","3","Data Science","Engineering","0",-2.03034945335895,-0.513952766757793
"24",2020,"1","FT",98000,"US",0,"US","2","Data Science","Analyst","0",-2.03034945335895,-1.74217847314354
"25",2020,"1","FT",115000,"AE",0,"AE","3","Data Science","Research","1",-2.03034945335895,-1.74217847314354
"26",2020,"3","FT",325000,"US",100,"US","3","Data Science","Research","1",-2.03034945335895,0.714272939627956
"27",2020,"0","FT",42000,"NL",50,"NL","3","Data Science","Research","0",-2.03034945335895,-0.513952766757793
"28",2020,"2","FT",33511,"MX",0,"MX","1","Data Science","Engineering","0",-2.03034945335895,-1.74217847314354
"29",2020,"0","CT",100000,"US",100,"US","3","Data Science","Analyst","0",-2.03034945335895,0.714272939627956
"30",2020,"2","FT",117104,"CA",50,"CA","3","Machine Learning","Unspecified","1",-2.03034945335895,-0.513952766757793
"31",2020,"1","FT",59303,"DE",100,"DE","1","Data Science","Engineering","1",-2.03034945335895,0.714272939627956
"32",2020,"0","FT",70000,"US",100,"US","3","Data Science","Engineering","0",-2.03034945335895,0.714272939627956
"33",2020,"2","FT",68428,"GR",100,"US","3","Data Science","Research","0",-2.03034945335895,0.714272939627956
"34",2020,"1","FT",450000,"US",0,"US","2","Data Science","Research","0",-2.03034945335895,-1.74217847314354
"35",2020,"1","FT",46759,"FR",50,"FR","3","Data Science","Analyst","0",-2.03034945335895,-0.513952766757793
"36",2020,"1","FT",74130,"AT",50,"AT","3","Data Science","Engineering","0",-2.03034945335895,-0.513952766757793
"37",2020,"1","FT",103000,"US",100,"US","3","Data Science","Research","0",-2.03034945335895,0.714272939627956
"38",2020,"0","FT",250000,"US",50,"US","3","Machine Learning","Engineering","0",-2.03034945335895,-0.513952766757793
"39",2020,"0","FT",10000,"NG",100,"NG","1","Data Science","Analyst","0",-2.03034945335895,0.714272939627956
"40",2020,"0","FT",138000,"US",100,"US","1","Machine Learning","Engineering","0",-2.03034945335895,0.714272939627956
"41",2020,"1","FT",45760,"PH",100,"US","1","Data Science","Research","0",-2.03034945335895,0.714272939627956
"42",2020,"3","FT",79833,"ES",50,"ES","3","Data Science","Engineering","1",-2.03034945335895,-0.513952766757793
"43",2020,"1","FT",50180,"PT",0,"PT","2","Machine Learning","Engineering","0",-2.03034945335895,-1.74217847314354
"44",2020,"1","FT",106000,"US",100,"US","3","Data Science","Engineering","0",-2.03034945335895,0.714272939627956
"45",2020,"1","FT",112872,"GB",50,"GB","3","Data Science","Engineering","0",-2.03034945335895,-0.513952766757793
"46",2020,"0","PT",15966,"DE",100,"DE","1","Machine Learning","Engineering","0",-2.03034945335895,0.714272939627956
"47",2020,"1","FT",76958,"GB",100,"GB","1","Data Science","Research","0",-2.03034945335895,0.714272939627956
"48",2020,"2","FT",188000,"US",100,"US","3","Data Science","Engineering","0",-2.03034945335895,0.714272939627956
"49",2020,"1","FT",105000,"US",100,"US","3","Data Science","Research","0",-2.03034945335895,0.714272939627956
"50",2020,"1","FT",70139,"FR",50,"FR","3","Data Science","Engineering","0",-2.03034945335895,-0.513952766757793
"51",2020,"0","FT",6072,"IN",0,"IN","1","Data Science","Analyst","0",-2.03034945335895,-1.74217847314354
"52",2020,"0","FT",91000,"US",100,"US","3","Data Science","Analyst","0",-2.03034945335895,0.714272939627956
"53",2020,"0","FT",45896,"DK",50,"DK","1","Data Science","Research","0",-2.03034945335895,-0.513952766757793
"54",2020,"0","FT",54742,"PK",100,"DE","3","Data Science","Engineering","0",-2.03034945335895,0.714272939627956
"55",2020,"2","FL",60000,"RU",100,"US","1","Artificial Intelligence","Engineering","0",-2.03034945335895,0.714272939627956
"56",2020,"2","FT",148261,"DE",100,"DE","2","Data Science","Research","1",-2.03034945335895,0.714272939627956
"57",2020,"1","FT",38776,"ES",100,"ES","2","Data Science","Research","0",-2.03034945335895,0.714272939627956
"58",2020,"1","FT",118000,"US",100,"US","2","Data Science","Research","0",-2.03034945335895,0.714272939627956
"59",2020,"2","FT",120000,"US",50,"US","3","Data Science","Research","0",-2.03034945335895,-0.513952766757793
"60",2020,"1","FT",138350,"US",100,"US","2","Data Science","Research","0",-2.03034945335895,0.714272939627956
"61",2020,"1","FT",110000,"US",100,"US","3","Data Science","Engineering","0",-2.03034945335895,0.714272939627956
"62",2020,"1","FT",130800,"ES",100,"US","2","Data Science","Engineering","0",-2.03034945335895,0.714272939627956
"63",2020,"0","PT",21669,"IT",50,"IT","1","Data Science","Research","0",-2.03034945335895,-0.513952766757793
"64",2020,"2","FT",412000,"US",100,"US","3","Data Science","Research","0",-2.03034945335895,0.714272939627956
"65",2020,"2","FT",45618,"HR",100,"HR","1","Machine Learning","Engineering","0",-2.03034945335895,0.714272939627956
"66",2020,"0","FT",62726,"DE",50,"DE","1","Data Science","Research","0",-2.03034945335895,-0.513952766757793
"67",2020,"0","FT",49268,"DE",0,"DE","1","Data Science","Research","0",-2.03034945335895,-1.74217847314354
"68",2020,"2","FT",190200,"US",100,"US","2","Data Science","Research","1",-2.03034945335895,0.714272939627956
"69",2020,"0","FT",105000,"US",100,"US","1","Data Science","Research","0",-2.03034945335895,0.714272939627956
"70",2020,"2","FT",91237,"AT",0,"AT","1","Data Science","Research","0",-2.03034945335895,-1.74217847314354
"71",2020,"1","FT",62726,"FR",50,"LU","1","Data Science","Research","0",-2.03034945335895,-0.513952766757793
"72",2020,"1","FT",42197,"FR",50,"FR","1","Data Science","Research","0",-2.03034945335895,-0.513952766757793
"73",2021,"0","FT",82528,"GB",50,"GB","3","Data Science","Research","0",-0.585540405071787,-0.513952766757793
"74",2021,"3","FT",150000,"IN",100,"US","3","Data Science","Analyst","0",-0.585540405071787,0.714272939627956
"75",2021,"3","FT",235000,"US",100,"US","3","Data Science","Unspecified","1",-0.585540405071787,0.714272939627956
"76",2021,"2","FT",53192,"FR",50,"FR","3","Data Science","Research","0",-0.585540405071787,-0.513952766757793
"77",2021,"1","FT",100000,"US",100,"US","2","Data Science","Analyst","0",-0.585540405071787,0.714272939627956
"78",2021,"1","PT",5409,"IN",50,"IN","2","Artificial Intelligence","Research","0",-0.585540405071787,-0.513952766757793
"79",2021,"1","CT",270000,"US",100,"US","3","Machine Learning","Engineering","0",-0.585540405071787,0.714272939627956
"80",2021,"0","FT",80000,"US",100,"US","2","Data Science","Analyst","0",-0.585540405071787,0.714272939627956
"81",2021,"2","FT",79197,"DE",100,"DE","3","Data Science","Engineering","0",-0.585540405071787,0.714272939627956
"82",2021,"1","FT",140000,"US",100,"US","3","Data Science","Engineering","0",-0.585540405071787,0.714272939627956
"83",2021,"1","FT",54238,"GB",50,"CA","3","Data Science","Research","0",-0.585540405071787,-0.513952766757793
"84",2021,"1","FT",47282,"ES",100,"ES","1","Machine Learning","Engineering","0",-0.585540405071787,0.714272939627956
"85",2021,"3","FT",153667,"IT",100,"PL","3","Data Science","Research","1",-0.585540405071787,0.714272939627956
"86",2021,"1","FT",28476,"PL",100,"PL","3","Data Science","Engineering","0",-0.585540405071787,0.714272939627956
"87",2021,"0","FT",59102,"FR",50,"FR","2","Data Science","Analyst","0",-0.585540405071787,-0.513952766757793
"88",2021,"1","FT",110000,"US",100,"US","3","Data Science","Engineering","0",-0.585540405071787,0.714272939627956
"89",2021,"2","FT",170000,"US",100,"US","3","Data Science","Analyst","1",-0.585540405071787,0.714272939627956
"90",2021,"2","FT",80000,"BG",100,"US","1","Data Science","Analyst","0",-0.585540405071787,0.714272939627956
"91",2021,"2","FT",88654,"GR",100,"DK","3","Data Science","Analyst","0",-0.585540405071787,0.714272939627956
"92",2021,"0","FT",76833,"DE",100,"DE","1","Data Science","Research","0",-0.585540405071787,0.714272939627956
"93",2021,"1","FT",19609,"IN",100,"IN","3","Data Science","Analyst","1",-0.585540405071787,0.714272939627956
"94",2021,"2","FT",276000,"US",0,"US","3","Data Science","Engineering","1",-0.585540405071787,-1.74217847314354
"95",2021,"0","FT",29751,"IN",50,"IN","3","Data Science","Research","0",-0.585540405071787,-0.513952766757793
"96",2021,"1","FT",89294,"SG",50,"SG","3","Data Science","Engineering","0",-0.585540405071787,-0.513952766757793
"97",2021,"0","PT",12000,"BR",100,"US","1","Data Science","Research","0",-0.585540405071787,0.714272939627956
"98",2021,"1","FT",450000,"US",100,"US","3","Data Science","Analyst","0",-0.585540405071787,0.714272939627956
"99",2021,"0","FT",70000,"US",100,"US","2","Artificial Intelligence","Engineering","0",-0.585540405071787,0.714272939627956
"100",2021,"1","FT",95746,"DE",100,"US","1","Artificial Intelligence","Engineering","0",-0.585540405071787,0.714272939627956
"101",2021,"1","FT",75000,"US",0,"US","3","Data Science","Analyst","0",-0.585540405071787,-1.74217847314354
"102",2021,"2","FT",150000,"US",100,"US","3","Data Science","Engineering","0",-0.585540405071787,0.714272939627956
"103",2021,"1","FT",36259,"HU",50,"US","3","Data Science","Analyst","0",-0.585540405071787,-0.513952766757793
"104",2021,"1","FT",62000,"US",0,"US","3","Data Science","Analyst","0",-0.585540405071787,-1.74217847314354
"105",2021,"1","FT",73000,"US",0,"US","3","Data Science","Research","0",-0.585540405071787,-1.74217847314354
"106",2021,"1","FT",51519,"GB",50,"GB","3","Data Science","Analyst","0",-0.585540405071787,-0.513952766757793
"107",2021,"1","FT",187442,"CA",100,"CA","3","Data Science","Research","0",-0.585540405071787,0.714272939627956
"108",2021,"2","FT",115000,"US",100,"US","1","Data Science","Engineering","0",-0.585540405071787,0.714272939627956
"109",2021,"2","FT",150000,"US",100,"US","2","Data Science","Engineering","0",-0.585540405071787,0.714272939627956
"110",2021,"0","FT",30428,"IN",100,"IN","3","Data Science","Engineering","0",-0.585540405071787,0.714272939627956
"111",2021,"2","FT",94564,"DE",50,"DE","3","Machine Learning","Engineering","0",-0.585540405071787,-0.513952766757793
"112",2021,"2","FT",113476,"GB",100,"GB","2","Data Science","Engineering","1",-0.585540405071787,0.714272939627956
"113",2021,"2","FT",103160,"GB",100,"GB","1","Data Science","Engineering","1",-0.585540405071787,0.714272939627956
"114",2021,"0","PT",12000,"PK",100,"US","2","Data Science","Research","0",-0.585540405071787,0.714272939627956
"115",2021,"1","FT",45391,"NL",100,"NL","3","Data Science","Engineering","0",-0.585540405071787,0.714272939627956
"116",2021,"0","FT",225000,"US",100,"US","3","Data Science","Research","0",-0.585540405071787,0.714272939627956
"117",2021,"1","FT",50000,"NG",100,"NG","3","Data Science","Research","0",-0.585540405071787,0.714272939627956
"118",2021,"1","FT",40189,"GR",100,"GR","2","Data Science","Engineering","0",-0.585540405071787,0.714272939627956
"119",2021,"0","FT",90000,"US",100,"US","1","Data Science","Analyst","0",-0.585540405071787,0.714272939627956
"120",2021,"1","FT",200000,"US",100,"US","3","Data Science","Engineering","0",-0.585540405071787,0.714272939627956
"121",2021,"1","FT",60000,"ES",50,"RO","2","Data Science","Engineering","0",-0.585540405071787,-0.513952766757793
"122",2021,"2","FT",200000,"US",100,"US","2","Data Science","Engineering","1",-0.585540405071787,0.714272939627956
"123",2021,"0","FT",50000,"US",100,"US","2","Data Science","Analyst","0",-0.585540405071787,0.714272939627956
"124",2021,"0","FT",110037,"GB",0,"GB","3","Data Science","Research","0",-0.585540405071787,-1.74217847314354
"125",2021,"0","PT",10354,"ES",50,"ES","2","Data Science","Analyst","0",-0.585540405071787,-0.513952766757793
"126",2021,"1","FT",151000,"US",100,"US","3","Data Science","Research","1",-0.585540405071787,0.714272939627956
"127",2021,"2","FT",120000,"US",50,"US","1","Data Science","Research","0",-0.585540405071787,-0.513952766757793
"128",2021,"1","FT",9466,"IN",0,"IN","1","Data Science","Research","0",-0.585540405071787,-1.74217847314354
"129",2021,"0","FT",20000,"IN",100,"IN","1","Machine Learning","Engineering","0",-0.585540405071787,0.714272939627956
"130",2021,"2","FT",40570,"IN",50,"IN","3","Data Science","Research","1",-0.585540405071787,-0.513952766757793
"131",2021,"0","FT",100000,"IQ",50,"IQ","1","Machine Learning","Engineering","0",-0.585540405071787,-0.513952766757793
"132",2021,"0","FT",49646,"FR",50,"FR","2","Data Science","Research","0",-0.585540405071787,-0.513952766757793
"133",2021,"1","FT",38400,"VN",100,"US","2","Data Science","Research","0",-0.585540405071787,0.714272939627956
"134",2021,"2","FT",24000,"BR",100,"BR","2","Artificial Intelligence","Engineering","0",-0.585540405071787,0.714272939627956
"135",2021,"0","FT",100000,"US",0,"US","1","Data Science","Research","0",-0.585540405071787,-1.74217847314354
"136",2021,"1","FT",90000,"US",100,"US","2","Data Science","Analyst","0",-0.585540405071787,0.714272939627956
"137",2021,"1","FT",63711,"JP",50,"JP","1","Machine Learning","Engineering","0",-0.585540405071787,-0.513952766757793
"138",2021,"1","FT",77364,"JP",50,"JP","1","Machine Learning","Engineering","0",-0.585540405071787,-0.513952766757793
"139",2021,"2","FT",220000,"US",0,"US","3","Data Science","Research","1",-0.585540405071787,-1.74217847314354
"140",2021,"0","FT",80000,"US",100,"US","2","Data Science","Research","0",-0.585540405071787,0.714272939627956
"141",2021,"1","FT",135000,"US",100,"US","3","Data Science","Analyst","0",-0.585540405071787,0.714272939627956
"142",2021,"2","FT",240000,"US",0,"US","3","Data Science","Research","1",-0.585540405071787,-1.74217847314354
"143",2021,"2","FT",150000,"US",0,"US","3","Data Science","Engineering","1",-0.585540405071787,-1.74217847314354
"144",2021,"1","FT",82500,"US",100,"US","1","Data Science","Research","0",-0.585540405071787,0.714272939627956
"145",2021,"1","FT",100000,"US",100,"US","3","Data Science","Engineering","0",-0.585540405071787,0.714272939627956
"146",2021,"2","FT",82744,"BE",50,"BE","2","Machine Learning","Engineering","0",-0.585540405071787,-0.513952766757793
"147",2021,"1","FT",62649,"FR",50,"FR","2","Data Science","Research","0",-0.585540405071787,-0.513952766757793
"148",2021,"1","FT",90000,"US",100,"US","3","Data Science","Engineering","0",-0.585540405071787,0.714272939627956
"149",2021,"2","FT",153000,"US",100,"US","3","Data Science","Engineering","1",-0.585540405071787,0.714272939627956
"150",2021,"2","FT",160000,"BR",100,"US","1","Data Science","Engineering","0",-0.585540405071787,0.714272939627956
"151",2021,"2","FT",168000,"JP",0,"JP","1","Data Science","Research","1",-0.585540405071787,-1.74217847314354
"152",2021,"1","FT",150000,"US",100,"US","2","Data Science","Research","0",-0.585540405071787,0.714272939627956
"153",2021,"1","FT",75774,"CA",100,"CA","3","Data Science","Research","0",-0.585540405071787,0.714272939627956
"154",2021,"0","FT",13400,"UA",100,"UA","3","Data Science","Research","0",-0.585540405071787,0.714272939627956
"155",2021,"2","FT",144000,"US",100,"US","3","Data Science","Research","1",-0.585540405071787,0.714272939627956
"156",2021,"2","FT",127221,"CA",50,"CA","3","Data Science","Engineering","0",-0.585540405071787,-0.513952766757793
"157",2021,"1","FT",119059,"SG",100,"IL","2","Data Science","Research","0",-0.585540405071787,0.714272939627956
"158",2021,"1","FT",423000,"US",50,"US","3","Data Science","Research","0",-0.585540405071787,-0.513952766757793
"159",2021,"2","FT",120000,"US",100,"US","2","Data Science","Analyst","1",-0.585540405071787,0.714272939627956
"160",2021,"0","FT",125000,"US",100,"US","1","Machine Learning","Engineering","0",-0.585540405071787,0.714272939627956
"161",2021,"3","FT",230000,"RU",50,"RU","3","Data Science","Unspecified","1",-0.585540405071787,-0.513952766757793
"162",2021,"3","FT",85000,"RU",0,"RU","2","Data Science","Research","1",-0.585540405071787,-1.74217847314354
"163",2021,"1","FT",28369,"MT",50,"MT","3","Data Science","Engineering","0",-0.585540405071787,-0.513952766757793
"164",2021,"0","FT",63831,"DE",50,"DE","3","Data Science","Research","0",-0.585540405071787,-0.513952766757793
"165",2021,"3","FT",130026,"DE",50,"DE","2","Data Science","Research","1",-0.585540405071787,-0.513952766757793
"166",2021,"2","FT",165000,"US",100,"US","3","Data Science","Engineering","0",-0.585540405071787,0.714272939627956
"167",2021,"0","FT",80000,"US",100,"US","3","Data Science","Engineering","0",-0.585540405071787,0.714272939627956
"168",2021,"3","FT",250000,"US",0,"US","3","Data Science","Research","1",-0.585540405071787,-1.74217847314354
"169",2021,"0","FT",55000,"US",50,"US","1","Data Science","Analyst","0",-0.585540405071787,-0.513952766757793
"170",2021,"1","FT",150000,"US",100,"US","3","Data Science","Engineering","0",-0.585540405071787,0.714272939627956
"171",2021,"1","FT",170000,"US",100,"US","3","Data Science","Engineering","0",-0.585540405071787,0.714272939627956
"172",2021,"1","FT",82528,"GB",100,"GB","3","Data Science","Engineering","0",-0.585540405071787,0.714272939627956
"173",2021,"0","FT",60000,"US",100,"US","1","Data Science","Analyst","0",-0.585540405071787,0.714272939627956
"174",2021,"2","FT",235000,"US",100,"US","3","Data Science","Research","1",-0.585540405071787,0.714272939627956
"175",2021,"2","FT",60757,"PT",50,"PT","3","Data Science","Research","0",-0.585540405071787,-0.513952766757793
"176",2021,"2","FT",174000,"US",100,"US","3","Data Science","Engineering","1",-0.585540405071787,0.714272939627956
"177",2021,"1","FT",2859,"MX",0,"MX","1","Data Science","Research","0",-0.585540405071787,-1.74217847314354
"178",2021,"1","FT",40038,"CL",100,"CL","3","Data Science","Research","0",-0.585540405071787,0.714272939627956
"179",2021,"0","FT",81000,"US",50,"US","1","Machine Learning","Engineering","0",-0.585540405071787,-0.513952766757793
"180",2021,"1","FT",5679,"IN",100,"US","1","Data Science","Research","0",-0.585540405071787,0.714272939627956
"181",2021,"1","FT",22611,"IN",0,"IN","3","Data Science","Engineering","0",-0.585540405071787,-1.74217847314354
"182",2021,"1","FT",90734,"DE",50,"DE","3","Data Science","Research","0",-0.585540405071787,-0.513952766757793
"183",2021,"1","FT",26005,"RO",0,"US","3","Data Science","Engineering","0",-0.585540405071787,-1.74217847314354
"184",2021,"2","FT",61896,"GB",50,"GB","3","Data Science","Analyst","0",-0.585540405071787,-0.513952766757793
"185",2021,"1","FL",12000,"PK",50,"PK","2","Data Science","Research","0",-0.585540405071787,-0.513952766757793
"186",2021,"1","FT",4000,"IR",100,"IR","2","Data Science","Engineering","0",-0.585540405071787,0.714272939627956
"187",2021,"2","FT",50000,"VN",100,"GB","2","Data Science","Engineering","0",-0.585540405071787,0.714272939627956
"188",2021,"3","FT",69741,"FR",100,"ES","1","Data Science","Research","0",-0.585540405071787,0.714272939627956
"189",2021,"2","FT",76833,"RO",50,"GB","1","Data Science","Engineering","0",-0.585540405071787,-0.513952766757793
"190",2021,"1","FT",74000,"JP",50,"JP","1","Machine Learning","Engineering","0",-0.585540405071787,-0.513952766757793
"191",2021,"2","FT",152000,"US",100,"FR","3","Data Science","Research","1",-0.585540405071787,0.714272939627956
"192",2021,"0","FT",21844,"CO",50,"CO","2","Machine Learning","Engineering","0",-0.585540405071787,-0.513952766757793
"193",2021,"1","FT",18000,"MD",0,"MD","1","Data Science","Engineering","0",-0.585540405071787,-1.74217847314354
"194",2021,"2","FT",174000,"US",100,"US","3","Data Science","Research","1",-0.585540405071787,0.714272939627956
"195",2021,"2","FT",96113,"CA",50,"CA","3","Data Science","Research","0",-0.585540405071787,-0.513952766757793
"196",2021,"1","FT",147000,"US",50,"US","3","Data Science","Research","0",-0.585540405071787,-0.513952766757793
"197",2021,"0","FT",9272,"KE",100,"KE","1","Data Science","Analyst","0",-0.585540405071787,0.714272939627956
"198",2021,"2","FT",24342,"IN",100,"IN","3","Machine Learning","Engineering","0",-0.585540405071787,0.714272939627956
"199",2021,"2","FT",54094,"IN",50,"US","3","Data Science","Research","1",-0.585540405071787,-0.513952766757793
"200",2021,"0","FT",90000,"US",100,"US","1","Data Science","Research","0",-0.585540405071787,0.714272939627956
"201",2021,"1","FT",61467,"DE",50,"AT","2","Data Science","Research","0",-0.585540405071787,-0.513952766757793
"202",2021,"2","FT",195000,"US",100,"US","2","Machine Learning","Engineering","0",-0.585540405071787,0.714272939627956
"203",2021,"1","FT",37825,"ES",100,"ES","3","Data Science","Research","0",-0.585540405071787,0.714272939627956
"204",2021,"2","FT",50000,"FR",100,"US","1","Data Science","Research","0",-0.585540405071787,0.714272939627956
"205",2021,"1","FT",160000,"US",100,"US","3","Data Science","Research","0",-0.585540405071787,0.714272939627956
"206",2021,"1","FT",12901,"BR",0,"BR","1","Data Science","Research","0",-0.585540405071787,-1.74217847314354
"207",2021,"2","FT",200000,"US",100,"US","3","Machine Learning","Engineering","0",-0.585540405071787,0.714272939627956
"208",2021,"2","FT",165000,"US",0,"US","2","Data Science","Engineering","0",-0.585540405071787,-1.74217847314354
"209",2021,"1","FL",20000,"IT",0,"US","3","Data Science","Engineering","0",-0.585540405071787,-1.74217847314354
"210",2021,"2","FT",120000,"US",0,"US","3","Data Science","Analyst","1",-0.585540405071787,-1.74217847314354
"211",2021,"1","FT",24823,"SI",50,"SI","3","Machine Learning","Engineering","0",-0.585540405071787,-0.513952766757793
"212",2021,"1","FT",56738,"FR",50,"FR","1","Data Science","Research","0",-0.585540405071787,-0.513952766757793
"213",2021,"1","FT",66022,"HK",50,"GB","1","Data Science","Engineering","0",-0.585540405071787,-0.513952766757793
"214",2021,"0","FT",5882,"IN",0,"CH","3","Data Science","Engineering","0",-0.585540405071787,-1.74217847314354
"215",2021,"0","FT",24823,"DE",50,"DE","2","Machine Learning","Engineering","0",-0.585540405071787,-0.513952766757793
"216",2021,"2","FT",185000,"US",100,"US","3","Data Science","Engineering","1",-0.585540405071787,0.714272939627956
"217",2021,"0","PT",28609,"DK",50,"DK","1","Artificial Intelligence","Engineering","0",-0.585540405071787,-0.513952766757793
"218",2021,"1","FT",90734,"DE",50,"DE","3","Data Science","Research","0",-0.585540405071787,-0.513952766757793
"219",2021,"1","FT",88654,"BE",100,"BE","2","Machine Learning","Engineering","0",-0.585540405071787,0.714272939627956
"220",2021,"2","FT",140000,"US",100,"US","3","Data Science","Analyst","1",-0.585540405071787,0.714272939627956
"221",2021,"1","FT",46597,"PL",100,"PL","3","Machine Learning","Engineering","0",-0.585540405071787,0.714272939627956
"222",2021,"1","FT",116914,"GB",50,"GB","3","Data Science","Research","0",-0.585540405071787,-0.513952766757793
"223",2021,"1","FT",33808,"IN",0,"IN","2","Data Science","Research","0",-0.585540405071787,-1.74217847314354
"224",2021,"1","FT",56256,"GB",50,"GB","3","Data Science","Research","0",-0.585540405071787,-0.513952766757793
"225",2021,"2","FT",225000,"US",100,"CA","3","Data Science","Research","0",-0.585540405071787,0.714272939627956
"226",2021,"3","CT",416000,"US",100,"US","1","Data Science","Research","1",-0.585540405071787,0.714272939627956
"227",2021,"2","FT",87738,"CA",100,"CA","1","Data Science","Research","0",-0.585540405071787,0.714272939627956
"228",2021,"1","FT",88654,"DE",50,"DE","3","Data Science","Research","0",-0.585540405071787,-0.513952766757793
"229",2021,"2","FT",135000,"US",0,"US","3","Data Science","Research","0",-0.585540405071787,-1.74217847314354
"230",2021,"2","FT",71786,"CA",100,"CA","2","Data Science","Analyst","0",-0.585540405071787,0.714272939627956
"231",2021,"0","FT",16228,"IN",100,"IN","3","Data Science","Engineering","0",-0.585540405071787,0.714272939627956
"232",2021,"2","FT",256000,"US",100,"US","1","Machine Learning","Engineering","0",-0.585540405071787,0.714272939627956
"233",2021,"2","FT",200000,"US",100,"US","3","Data Science","Engineering","1",-0.585540405071787,0.714272939627956
"234",2021,"2","FT",200000,"US",100,"US","3","Data Science","Analyst","0",-0.585540405071787,0.714272939627956
"235",2021,"1","FT",180000,"US",100,"US","3","Data Science","Engineering","0",-0.585540405071787,0.714272939627956
"236",2021,"1","FT",110000,"US",0,"US","1","Data Science","Research","1",-0.585540405071787,-1.74217847314354
"237",2021,"1","FT",63810,"CA",100,"CA","2","Data Science","Research","0",-0.585540405071787,0.714272939627956
"238",2021,"1","FT",46809,"ES",100,"ES","2","Data Science","Research","0",-0.585540405071787,0.714272939627956
"239",2021,"0","FT",4000,"VN",0,"VN","2","Data Science","Research","0",-0.585540405071787,-1.74217847314354
"240",2021,"0","FT",21637,"IN",50,"IN","2","Data Science","Engineering","0",-0.585540405071787,-0.513952766757793
"241",2021,"2","FT",103691,"CA",100,"CA","3","Data Science","Research","0",-0.585540405071787,0.714272939627956
"242",2021,"1","FT",80000,"US",100,"US","3","Data Science","Analyst","0",-0.585540405071787,0.714272939627956
"243",2021,"1","FT",110000,"US",100,"US","3","Data Science","Engineering","0",-0.585540405071787,0.714272939627956
"244",2021,"2","FT",165000,"US",100,"US","3","Data Science","Research","0",-0.585540405071787,0.714272939627956
"245",2021,"0","FT",18053,"IN",100,"AS","1","Data Science","Research","0",-0.585540405071787,0.714272939627956
"246",2021,"1","FT",72212,"GB",50,"GB","3","Data Science","Engineering","0",-0.585540405071787,-0.513952766757793
"247",2021,"0","FT",36643,"FR",50,"FR","3","Data Science","Research","0",-0.585540405071787,-0.513952766757793
"248",2021,"1","FT",12103,"TR",0,"TR","2","Data Science","Engineering","0",-0.585540405071787,-1.74217847314354
"249",2021,"2","FT",96282,"GB",50,"GB","3","Data Science","Engineering","0",-0.585540405071787,-0.513952766757793
"250",2021,"2","FT",170000,"US",100,"US","2","Data Science","Analyst","1",-0.585540405071787,0.714272939627956
"251",2021,"1","FT",115000,"US",50,"US","3","Data Science","Research","0",-0.585540405071787,-0.513952766757793
"252",2021,"0","FT",90000,"US",100,"US","1","Data Science","Research","0",-0.585540405071787,0.714272939627956
"253",2021,"3","FT",600000,"US",100,"US","3","Data Science","Engineering","1",-0.585540405071787,0.714272939627956
"254",2021,"0","FT",28399,"IN",100,"IN","2","Data Science","Research","0",-0.585540405071787,0.714272939627956
"255",2021,"1","FT",93000,"US",100,"US","3","Data Science","Analyst","0",-0.585540405071787,0.714272939627956
"256",2021,"2","FT",99703,"CA",50,"CA","2","Data Science","Engineering","0",-0.585540405071787,-0.513952766757793
"257",2021,"1","FT",200000,"US",100,"US","3","Data Science","Engineering","0",-0.585540405071787,0.714272939627956
"258",2021,"2","FT",173762,"DE",100,"DE","2","Data Science","Research","1",-0.585540405071787,0.714272939627956
"259",2021,"2","FT",185000,"US",50,"US","3","Machine Learning","Engineering","0",-0.585540405071787,-0.513952766757793
"260",2021,"3","FT",141846,"DE",0,"DE","3","Data Science","Research","1",-0.585540405071787,-1.74217847314354
"261",2021,"1","FT",130000,"US",50,"US","3","Data Science","Research","0",-0.585540405071787,-0.513952766757793
"262",2021,"2","FT",63831,"DE",50,"DE","3","Data Science","Analyst","0",-0.585540405071787,-0.513952766757793
"263",2021,"1","FT",16904,"IN",100,"IN","1","Data Science","Research","0",-0.585540405071787,0.714272939627956
"264",2021,"2","FT",66265,"IN",0,"IN","3","Machine Learning","Engineering","0",-0.585540405071787,-1.74217847314354
"265",2021,"1","FT",25532,"RS",100,"DE","1","Data Science","Research","0",-0.585540405071787,0.714272939627956
"266",2021,"2","FT",160000,"PR",50,"US","1","Data Science","Engineering","1",-0.585540405071787,-0.513952766757793
"267",2021,"1","FT",93150,"US",0,"US","2","Data Science","Engineering","0",-0.585540405071787,-1.74217847314354
"268",2021,"1","FT",111775,"US",0,"US","2","Data Science","Engineering","0",-0.585540405071787,-1.74217847314354
"269",2021,"1","FT",28016,"TR",100,"TR","2","Data Science","Engineering","0",-0.585540405071787,0.714272939627956
"270",2021,"0","FT",65013,"DE",50,"DE","2","Data Science","Engineering","0",-0.585540405071787,-0.513952766757793
"271",2021,"0","FT",72500,"US",100,"US","3","Data Science","Engineering","0",-0.585540405071787,0.714272939627956
"272",2021,"2","FT",18907,"BR",0,"BR","2","Artificial Intelligence","Engineering","0",-0.585540405071787,-1.74217847314354
"273",2021,"0","FT",76833,"DE",0,"DE","3","Data Science","Research","0",-0.585540405071787,-1.74217847314354
"274",2021,"0","FT",85000,"NL",100,"DE","1","Machine Learning","Engineering","0",-0.585540405071787,0.714272939627956
"275",2021,"2","FT",77684,"FR",50,"FR","2","Data Science","Research","0",-0.585540405071787,-0.513952766757793
"276",2021,"0","FT",100000,"US",100,"US","2","Data Science","Research","0",-0.585540405071787,0.714272939627956
"277",2021,"0","FT",58000,"US",50,"US","3","Data Science","Research","0",-0.585540405071787,-0.513952766757793
"278",2021,"2","FT",55000,"ES",100,"ES","3","Data Science","Research","0",-0.585540405071787,0.714272939627956
"279",2021,"2","FT",20171,"TR",50,"TR","3","Data Science","Research","0",-0.585540405071787,-0.513952766757793
"280",2021,"0","FT",59102,"LU",100,"LU","3","Data Science","Analyst","0",-0.585540405071787,0.714272939627956
"281",2021,"1","FT",112000,"US",100,"US","3","Data Science","Engineering","0",-0.585540405071787,0.714272939627956
"282",2021,"0","FT",100000,"JE",0,"CN","3","Data Science","Research","0",-0.585540405071787,-1.74217847314354
"283",2021,"1","PT",69741,"NL",100,"NL","3","Data Science","Engineering","0",-0.585540405071787,0.714272939627956
"284",2021,"2","CT",105000,"US",100,"US","2","Data Science","Research","1",-0.585540405071787,0.714272939627956
"285",2021,"1","FT",69999,"CZ",50,"CZ","3","Data Science","Research","0",-0.585540405071787,-0.513952766757793
"286",2021,"2","FT",94665,"IN",50,"IN","3","Data Science","Research","1",-0.585540405071787,-0.513952766757793
"287",2021,"2","FT",102839,"SI",100,"SI","3","Data Science","Unspecified","1",-0.585540405071787,0.714272939627956
"288",2021,"1","FT",109000,"US",50,"US","3","Data Science","Research","0",-0.585540405071787,-0.513952766757793
"289",2021,"1","FT",51064,"IT",50,"IT","3","Machine Learning","Engineering","0",-0.585540405071787,-0.513952766757793
"290",2022,"2","FT",135000,"US",100,"US","2","Data Science","Engineering","0",0.859268643215378,0.714272939627956
"291",2022,"2","FT",155000,"US",100,"US","2","Data Science","Analyst","0",0.859268643215378,0.714272939627956
"292",2022,"2","FT",120600,"US",100,"US","2","Data Science","Analyst","0",0.859268643215378,0.714272939627956
"293",2022,"1","FT",130000,"US",0,"US","2","Data Science","Research","0",0.859268643215378,-1.74217847314354
"294",2022,"1","FT",90000,"US",0,"US","2","Data Science","Research","0",0.859268643215378,-1.74217847314354
"295",2022,"1","FT",170000,"US",100,"US","2","Data Science","Engineering","0",0.859268643215378,0.714272939627956
"296",2022,"1","FT",150000,"US",100,"US","2","Data Science","Engineering","0",0.859268643215378,0.714272939627956
"297",2022,"2","FT",102100,"US",100,"US","2","Data Science","Analyst","0",0.859268643215378,0.714272939627956
"298",2022,"2","FT",84900,"US",100,"US","2","Data Science","Analyst","0",0.859268643215378,0.714272939627956
"299",2022,"2","FT",136620,"US",100,"US","2","Data Science","Research","0",0.859268643215378,0.714272939627956
"300",2022,"2","FT",99360,"US",100,"US","2","Data Science","Research","0",0.859268643215378,0.714272939627956
"301",2022,"2","FT",117789,"GB",0,"GB","2","Data Science","Research","0",0.859268643215378,-1.74217847314354
"302",2022,"2","FT",104702,"GB",0,"GB","2","Data Science","Research","0",0.859268643215378,-1.74217847314354
"303",2022,"2","FT",146000,"US",100,"US","2","Data Science","Research","0",0.859268643215378,0.714272939627956
"304",2022,"2","FT",123000,"US",100,"US","2","Data Science","Research","0",0.859268643215378,0.714272939627956
"305",2022,"0","FT",52351,"GB",100,"GB","2","Data Science","Engineering","0",0.859268643215378,0.714272939627956
"306",2022,"2","FT",99000,"US",0,"US","2","Data Science","Analyst","0",0.859268643215378,-1.74217847314354
"307",2022,"2","FT",116000,"US",0,"US","2","Data Science","Analyst","0",0.859268643215378,-1.74217847314354
"308",2022,"1","FT",106260,"US",0,"US","2","Data Science","Analyst","0",0.859268643215378,-1.74217847314354
"309",2022,"1","FT",126500,"US",0,"US","2","Data Science","Analyst","0",0.859268643215378,-1.74217847314354
"310",2022,"3","FT",242000,"US",100,"US","2","Data Science","Engineering","0",0.859268643215378,0.714272939627956
"311",2022,"3","FT",200000,"US",100,"US","2","Data Science","Engineering","0",0.859268643215378,0.714272939627956
"312",2022,"1","FT",65438,"GB",0,"GB","2","Data Science","Research","0",0.859268643215378,-1.74217847314354
"313",2022,"1","FT",39263,"GB",0,"GB","2","Data Science","Research","0",0.859268643215378,-1.74217847314354
"314",2022,"1","FT",78526,"GB",0,"GB","2","Data Science","Engineering","0",0.859268643215378,-1.74217847314354
"315",2022,"1","FT",52351,"GB",0,"GB","2","Data Science","Engineering","0",0.859268643215378,-1.74217847314354
"316",2022,"2","FT",165220,"US",100,"US","2","Data Science","Research","0",0.859268643215378,0.714272939627956
"317",2022,"0","FT",45807,"GB",100,"GB","2","Data Science","Engineering","0",0.859268643215378,0.714272939627956
"318",2022,"2","FT",120160,"US",100,"US","2","Data Science","Research","0",0.859268643215378,0.714272939627956
"319",2022,"2","FT",90320,"US",100,"US","2","Data Science","Analyst","0",0.859268643215378,0.714272939627956
"320",2022,"2","FT",181940,"US",0,"US","2","Data Science","Engineering","0",0.859268643215378,-1.74217847314354
"321",2022,"2","FT",132320,"US",0,"US","2","Data Science","Engineering","0",0.859268643215378,-1.74217847314354
"322",2022,"2","FT",220110,"US",0,"US","2","Data Science","Engineering","0",0.859268643215378,-1.74217847314354
"323",2022,"2","FT",160080,"US",0,"US","2","Data Science","Engineering","0",0.859268643215378,-1.74217847314354
"324",2022,"2","FT",180000,"US",0,"US","3","Data Science","Research","0",0.859268643215378,-1.74217847314354
"325",2022,"2","FT",120000,"US",0,"US","3","Data Science","Research","0",0.859268643215378,-1.74217847314354
"326",2022,"2","FT",124190,"US",100,"US","2","Data Science","Analyst","0",0.859268643215378,0.714272939627956
"327",2022,"3","FT",130000,"US",100,"US","2","Data Science","Analyst","0",0.859268643215378,0.714272939627956
"328",2022,"3","FT",110000,"US",100,"US","2","Data Science","Analyst","0",0.859268643215378,0.714272939627956
"329",2022,"2","FT",170000,"US",100,"US","2","Data Science","Analyst","0",0.859268643215378,0.714272939627956
"330",2022,"1","FT",115500,"US",100,"US","2","Data Science","Analyst","0",0.859268643215378,0.714272939627956
"331",2022,"2","FT",112900,"US",100,"US","2","Data Science","Analyst","0",0.859268643215378,0.714272939627956
"332",2022,"2","FT",90320,"US",100,"US","2","Data Science","Analyst","0",0.859268643215378,0.714272939627956
"333",2022,"2","FT",112900,"US",100,"US","2","Data Science","Analyst","0",0.859268643215378,0.714272939627956
"334",2022,"2","FT",90320,"US",100,"US","2","Data Science","Analyst","0",0.859268643215378,0.714272939627956
"335",2022,"2","FT",165400,"US",100,"US","2","Data Science","Engineering","0",0.859268643215378,0.714272939627956
"336",2022,"2","FT",132320,"US",100,"US","2","Data Science","Engineering","0",0.859268643215378,0.714272939627956
"337",2022,"1","FT",167000,"US",100,"US","2","Data Science","Analyst","0",0.859268643215378,0.714272939627956
"338",2022,"2","FT",243900,"US",100,"US","2","Data Science","Engineering","0",0.859268643215378,0.714272939627956
"339",2022,"2","FT",136600,"US",100,"US","2","Data Science","Analyst","0",0.859268643215378,0.714272939627956
"340",2022,"2","FT",109280,"US",100,"US","2","Data Science","Analyst","0",0.859268643215378,0.714272939627956
"341",2022,"2","FT",128875,"US",100,"US","2","Data Science","Engineering","0",0.859268643215378,0.714272939627956
"342",2022,"2","FT",93700,"US",100,"US","2","Data Science","Engineering","0",0.859268643215378,0.714272939627956
"343",2022,"3","FT",224000,"US",100,"US","2","Data Science","Research","1",0.859268643215378,0.714272939627956
"344",2022,"3","FT",167875,"US",100,"US","2","Data Science","Research","1",0.859268643215378,0.714272939627956
"345",2022,"3","FT",175000,"US",100,"US","2","Data Science","Engineering","0",0.859268643215378,0.714272939627956
"346",2022,"2","FT",156600,"US",100,"US","2","Data Science","Engineering","0",0.859268643215378,0.714272939627956
"347",2022,"2","FT",108800,"US",0,"US","2","Data Science","Engineering","0",0.859268643215378,-1.74217847314354
"348",2022,"2","FT",95550,"US",0,"US","2","Data Science","Research","0",0.859268643215378,-1.74217847314354
"349",2022,"2","FT",113000,"US",0,"US","3","Data Science","Engineering","0",0.859268643215378,-1.74217847314354
"350",2022,"2","FT",135000,"US",100,"US","2","Data Science","Analyst","0",0.859268643215378,0.714272939627956
"351",2022,"2","FT",161342,"US",100,"US","2","Data Science","Research","1",0.859268643215378,0.714272939627956
"352",2022,"2","FT",137141,"US",100,"US","2","Data Science","Research","1",0.859268643215378,0.714272939627956
"353",2022,"2","FT",167000,"US",100,"US","2","Data Science","Research","0",0.859268643215378,0.714272939627956
"354",2022,"2","FT",123000,"US",100,"US","2","Data Science","Research","0",0.859268643215378,0.714272939627956
"355",2022,"2","FT",78526,"GB",0,"GB","2","Data Science","Engineering","0",0.859268643215378,-1.74217847314354
"356",2022,"2","FT",65438,"GB",0,"GB","2","Data Science","Engineering","0",0.859268643215378,-1.74217847314354
"357",2022,"2","FT",150000,"US",0,"US","2","Data Science","Research","0",0.859268643215378,-1.74217847314354
"358",2022,"2","FT",211500,"US",100,"US","2","Data Science","Research","0",0.859268643215378,0.714272939627956
"359",2022,"2","FT",192400,"CA",100,"CA","2","Data Science","Engineering","0",0.859268643215378,0.714272939627956
"360",2022,"2","FT",90700,"CA",100,"CA","2","Data Science","Engineering","0",0.859268643215378,0.714272939627956
"361",2022,"2","FT",130000,"CA",100,"CA","2","Data Science","Analyst","0",0.859268643215378,0.714272939627956
"362",2022,"2","FT",61300,"CA",100,"CA","2","Data Science","Analyst","0",0.859268643215378,0.714272939627956
"363",2022,"2","FT",130000,"CA",100,"CA","2","Data Science","Analyst","0",0.859268643215378,0.714272939627956
"364",2022,"2","FT",61300,"CA",100,"CA","2","Data Science","Analyst","0",0.859268643215378,0.714272939627956
"365",2022,"2","FT",160000,"US",0,"US","3","Data Science","Engineering","0",0.859268643215378,-1.74217847314354
"366",2022,"2","FT",138600,"US",100,"US","2","Data Science","Research","0",0.859268643215378,0.714272939627956
"367",2022,"2","FT",136000,"US",0,"US","2","Data Science","Engineering","0",0.859268643215378,-1.74217847314354
"368",2022,"1","FT",58000,"US",0,"US","1","Data Science","Analyst","0",0.859268643215378,-1.74217847314354
"369",2022,"3","FT",135000,"US",100,"US","2","Data Science","Engineering","0",0.859268643215378,0.714272939627956
"370",2022,"2","FT",170000,"US",100,"US","2","Data Science","Research","0",0.859268643215378,0.714272939627956
"371",2022,"2","FT",123000,"US",100,"US","2","Data Science","Research","0",0.859268643215378,0.714272939627956
"372",2022,"2","FT",189650,"US",0,"US","2","Machine Learning","Engineering","0",0.859268643215378,-1.74217847314354
"373",2022,"2","FT",164996,"US",0,"US","2","Machine Learning","Engineering","0",0.859268643215378,-1.74217847314354
"374",2022,"1","FT",54957,"GR",0,"GR","2","Data Science","Engineering","0",0.859268643215378,-1.74217847314354
"375",2022,"1","FT",54957,"GR",0,"GR","2","Data Science","Engineering","0",0.859268643215378,-1.74217847314354
"376",2022,"3","FT",118187,"CA",100,"CA","1","Data Science","Engineering","1",0.859268643215378,0.714272939627956
"377",2022,"2","FT",132000,"US",0,"US","2","Data Science","Analyst","0",0.859268643215378,-1.74217847314354
"378",2022,"2","FT",165400,"US",100,"US","2","Data Science","Engineering","0",0.859268643215378,0.714272939627956
"379",2022,"2","FT",208775,"US",100,"US","2","Data Science","Engineering","0",0.859268643215378,0.714272939627956
"380",2022,"2","FT",147800,"US",100,"US","2","Data Science","Engineering","0",0.859268643215378,0.714272939627956
"381",2022,"2","FT",136994,"US",100,"US","2","Data Science","Engineering","0",0.859268643215378,0.714272939627956
"382",2022,"2","FT",101570,"US",100,"US","2","Data Science","Engineering","0",0.859268643215378,0.714272939627956
"383",2022,"2","FT",128875,"US",100,"US","2","Data Science","Analyst","0",0.859268643215378,0.714272939627956
"384",2022,"2","FT",93700,"US",100,"US","2","Data Science","Analyst","0",0.859268643215378,0.714272939627956
"385",2022,"3","FT",79039,"IN",50,"IN","3","Machine Learning","Unspecified","1",0.859268643215378,-0.513952766757793
"386",2022,"2","FT",132320,"US",100,"US","2","Data Science","Engineering","0",0.859268643215378,0.714272939627956
"387",2022,"0","FT",37300,"GB",100,"GB","3","Machine Learning","Engineering","0",0.859268643215378,0.714272939627956
"388",2022,"2","FT",164000,"US",0,"US","2","Data Science","Analyst","0",0.859268643215378,-1.74217847314354
"389",2022,"2","FT",155000,"US",100,"US","2","Data Science","Engineering","0",0.859268643215378,0.714272939627956
"390",2022,"1","FT",124333,"GB",0,"GB","2","Machine Learning","Engineering","0",0.859268643215378,-1.74217847314354
"391",2022,"1","FT",98158,"GB",0,"GB","2","Machine Learning","Engineering","0",0.859268643215378,-1.74217847314354
"392",2022,"1","FT",120000,"US",0,"US","2","Data Science","Research","0",0.859268643215378,-1.74217847314354
"393",2022,"2","FT",112900,"US",100,"US","2","Data Science","Analyst","0",0.859268643215378,0.714272939627956
"394",2022,"2","FT",90320,"US",100,"US","2","Data Science","Analyst","0",0.859268643215378,0.714272939627956
"395",2022,"2","FT",145000,"US",100,"US","2","Data Science","Analyst","1",0.859268643215378,0.714272939627956
"396",2022,"2","FT",105400,"US",100,"US","2","Data Science","Analyst","1",0.859268643215378,0.714272939627956
"397",2022,"1","FT",87932,"FR",100,"DE","2","Machine Learning","Engineering","0",0.859268643215378,0.714272939627956
"398",2022,"1","FT",117789,"GB",0,"GB","2","Data Science","Engineering","0",0.859268643215378,-1.74217847314354
"399",2022,"2","FT",215300,"US",100,"US","3","Data Science","Research","0",0.859268643215378,0.714272939627956
"400",2022,"2","FT",158200,"US",100,"US","3","Data Science","Research","0",0.859268643215378,0.714272939627956
"401",2022,"2","FT",209100,"US",100,"US","3","Data Science","Engineering","0",0.859268643215378,0.714272939627956
"402",2022,"2","FT",154600,"US",100,"US","3","Data Science","Engineering","0",0.859268643215378,0.714272939627956
"403",2022,"2","FT",115934,"US",0,"US","2","Data Science","Analyst","0",0.859268643215378,-1.74217847314354
"404",2022,"2","FT",81666,"US",0,"US","2","Data Science","Analyst","0",0.859268643215378,-1.74217847314354
"405",2022,"2","FT",175000,"US",100,"US","2","Data Science","Engineering","0",0.859268643215378,0.714272939627956
"406",2022,"1","FT",98158,"GB",0,"GB","2","Data Science","Engineering","0",0.859268643215378,-1.74217847314354
"407",2022,"1","FT",58000,"US",0,"US","1","Data Science","Analyst","0",0.859268643215378,-1.74217847314354
"408",2022,"2","FT",183600,"US",100,"US","3","Data Science","Engineering","0",0.859268643215378,0.714272939627956
"409",2022,"1","FT",52351,"GB",100,"GB","2","Data Science","Analyst","0",0.859268643215378,0.714272939627956
"410",2022,"2","FT",180000,"US",100,"US","2","Data Science","Research","0",0.859268643215378,0.714272939627956
"411",2022,"1","FT",71982,"GB",0,"GB","2","Data Science","Research","0",0.859268643215378,-1.74217847314354
"412",2022,"1","FT",45807,"GB",0,"GB","2","Data Science","Research","0",0.859268643215378,-1.74217847314354
"413",2022,"1","FT",65949,"GR",100,"GR","2","Data Science","Engineering","0",0.859268643215378,0.714272939627956
"414",2022,"1","FT",49461,"GR",100,"GR","2","Data Science","Engineering","0",0.859268643215378,0.714272939627956
"415",2022,"1","FT",78526,"GB",100,"GB","2","Data Science","Engineering","0",0.859268643215378,0.714272939627956
"416",2022,"1","FT",58894,"GB",100,"GB","2","Data Science","Engineering","0",0.859268643215378,0.714272939627956
"417",2022,"2","FT",260000,"US",100,"US","2","Data Science","Research","0",0.859268643215378,0.714272939627956
"418",2022,"2","FT",60000,"AR",100,"MX","3","Data Science","Engineering","0",0.859268643215378,0.714272939627956
"419",2022,"1","FT",63900,"US",0,"US","2","Data Science","Engineering","0",0.859268643215378,-1.74217847314354
"420",2022,"1","FT",160000,"US",100,"US","3","Data Science","Research","0",0.859268643215378,0.714272939627956
"421",2022,"1","FT",112300,"US",100,"US","3","Data Science","Research","0",0.859268643215378,0.714272939627956
"422",2022,"1","FT",241000,"US",100,"US","2","Data Science","Research","1",0.859268643215378,0.714272939627956
"423",2022,"1","FT",159000,"US",100,"US","2","Data Science","Research","1",0.859268643215378,0.714272939627956
"424",2022,"2","FT",180000,"US",0,"US","2","Data Science","Research","0",0.859268643215378,-1.74217847314354
"425",2022,"2","FT",80000,"US",0,"US","2","Data Science","Research","0",0.859268643215378,-1.74217847314354
"426",2022,"1","FT",82900,"US",0,"US","2","Data Science","Engineering","0",0.859268643215378,-1.74217847314354
"427",2022,"2","FT",100800,"US",100,"US","3","Data Science","Engineering","0",0.859268643215378,0.714272939627956
"428",2022,"1","FT",49461,"ES",100,"ES","2","Data Science","Engineering","0",0.859268643215378,0.714272939627956
"429",2022,"2","FT",140400,"US",0,"US","3","Data Science","Research","0",0.859268643215378,-1.74217847314354
"430",2022,"1","FT",39263,"GB",100,"GB","2","Data Science","Analyst","0",0.859268643215378,0.714272939627956
"431",2022,"1","FT",43966,"ES",100,"ES","2","Data Science","Analyst","0",0.859268643215378,0.714272939627956
"432",2022,"1","FT",32974,"ES",100,"ES","2","Data Science","Analyst","0",0.859268643215378,0.714272939627956
"433",2022,"1","FT",87932,"ES",100,"ES","2","Data Science","Engineering","0",0.859268643215378,0.714272939627956
"434",2022,"1","FT",76940,"ES",100,"ES","2","Data Science","Engineering","0",0.859268643215378,0.714272939627956
"435",2022,"1","FT",104702,"GB",100,"GB","2","Data Science","Engineering","0",0.859268643215378,0.714272939627956
"436",2022,"1","FT",91614,"GB",100,"GB","2","Data Science","Engineering","0",0.859268643215378,0.714272939627956
"437",2022,"1","FT",65949,"ES",100,"ES","2","Data Science","Engineering","0",0.859268643215378,0.714272939627956
"438",2022,"1","FT",87932,"GR",100,"GR","2","Data Science","Engineering","0",0.859268643215378,0.714272939627956
"439",2022,"2","FT",189650,"US",0,"US","2","Machine Learning","Engineering","0",0.859268643215378,-1.74217847314354
"440",2022,"2","FT",164996,"US",0,"US","2","Machine Learning","Engineering","0",0.859268643215378,-1.74217847314354
"441",2022,"1","FT",43966,"GR",100,"GR","2","Data Science","Analyst","0",0.859268643215378,0.714272939627956
"442",2022,"1","FT",32974,"GR",100,"GR","2","Data Science","Analyst","0",0.859268643215378,0.714272939627956
"443",2022,"1","FT",98158,"GB",100,"GB","2","Data Science","Engineering","0",0.859268643215378,0.714272939627956
"444",2022,"1","FT",78526,"GB",100,"GB","2","Data Science","Engineering","0",0.859268643215378,0.714272939627956
"445",2022,"2","FT",215300,"US",0,"US","3","Data Science","Research","0",0.859268643215378,-1.74217847314354
"446",2022,"1","FT",76940,"GR",100,"GR","2","Data Science","Engineering","0",0.859268643215378,0.714272939627956
"447",2022,"2","FT",209100,"US",100,"US","3","Data Science","Engineering","0",0.859268643215378,0.714272939627956
"448",2022,"2","FT",154600,"US",100,"US","3","Data Science","Engineering","0",0.859268643215378,0.714272939627956
"449",2022,"2","FT",180000,"US",100,"US","2","Data Science","Engineering","0",0.859268643215378,0.714272939627956
"450",2022,"0","FT",21983,"PT",100,"PT","3","Machine Learning","Engineering","0",0.859268643215378,0.714272939627956
"451",2022,"2","FT",80000,"US",100,"US","2","Data Science","Engineering","0",0.859268643215378,0.714272939627956
"452",2022,"1","FT",78791,"CA",100,"CA","2","Machine Learning","Engineering","0",0.859268643215378,0.714272939627956
"453",2022,"3","FT",196979,"CA",50,"CA","3","Data Science","Research","1",0.859268643215378,-0.513952766757793
"454",2022,"1","FT",120000,"US",100,"US","1","Machine Learning","Engineering","0",0.859268643215378,0.714272939627956
"455",2022,"0","FT",125000,"US",0,"US","2","Artificial Intelligence","Engineering","0",0.859268643215378,-1.74217847314354
"456",2022,"1","FT",37236,"US",50,"US","3","Artificial Intelligence","Engineering","0",0.859268643215378,-0.513952766757793
"457",2022,"2","FT",105000,"US",100,"US","2","Data Science","Engineering","0",0.859268643215378,0.714272939627956
"458",2022,"2","FT",87932,"DE",0,"DE","2","Machine Learning","Engineering","1",0.859268643215378,-1.74217847314354
"459",2022,"1","FT",18442,"IN",100,"IN","2","Data Science","Analyst","0",0.859268643215378,0.714272939627956
"460",2022,"1","FT",31615,"IN",100,"IN","3","Data Science","Research","0",0.859268643215378,0.714272939627956
"461",2022,"1","FT",58255,"PT",50,"PT","3","Machine Learning","Engineering","0",0.859268643215378,-0.513952766757793
"462",2022,"0","FT",100000,"US",50,"US","3","Data Science","Analyst","0",0.859268643215378,-0.513952766757793
"463",2022,"1","PT",54957,"DE",50,"DE","3","Data Science","Engineering","0",0.859268643215378,-0.513952766757793
"464",2022,"0","FT",18442,"IN",100,"IN","2","Data Science","Research","0",0.859268643215378,0.714272939627956
"465",2022,"2","FT",162674,"DE",100,"DE","2","Data Science","Research","1",0.859268643215378,0.714272939627956
"466",2022,"0","FT",120000,"US",100,"US","2","Data Science","Engineering","0",0.859268643215378,0.714272939627956
"467",2022,"2","FT",144000,"US",50,"US","3","Data Science","Research","0",0.859268643215378,-0.513952766757793
"468",2022,"2","FT",104890,"US",100,"US","2","Data Science","Research","0",0.859268643215378,0.714272939627956
"469",2022,"2","FT",100000,"US",100,"US","2","Data Science","Engineering","0",0.859268643215378,0.714272939627956
"470",2022,"2","FT",140000,"US",100,"US","2","Data Science","Research","0",0.859268643215378,0.714272939627956
"471",2022,"1","FT",135000,"US",100,"US","2","Data Science","Analyst","0",0.859268643215378,0.714272939627956
"472",2022,"1","FT",50000,"US",100,"US","2","Data Science","Analyst","0",0.859268643215378,0.714272939627956
"473",2022,"2","FT",220000,"US",100,"US","2","Data Science","Research","0",0.859268643215378,0.714272939627956
"474",2022,"2","FT",140000,"US",100,"US","2","Data Science","Research","0",0.859268643215378,0.714272939627956
"475",2022,"1","FT",183228,"GB",0,"GB","2","Data Science","Research","0",0.859268643215378,-1.74217847314354
"476",2022,"1","FT",91614,"GB",0,"GB","2","Data Science","Research","0",0.859268643215378,-1.74217847314354
"477",2022,"2","FT",185100,"US",100,"US","2","Data Science","Research","0",0.859268643215378,0.714272939627956
"478",2022,"2","FT",220000,"US",100,"US","2","Machine Learning","Engineering","0",0.859268643215378,0.714272939627956
"479",2022,"1","FT",200000,"US",100,"US","2","Data Science","Research","0",0.859268643215378,0.714272939627956
"480",2022,"1","FT",120000,"US",100,"US","2","Data Science","Research","0",0.859268643215378,0.714272939627956
"481",2022,"2","FT",120000,"AE",100,"AE","1","Machine Learning","Engineering","0",0.859268643215378,0.714272939627956
"482",2022,"2","FT",65000,"AE",100,"AE","1","Machine Learning","Engineering","0",0.859268643215378,0.714272939627956
"483",2022,"3","FT",324000,"US",100,"US","2","Data Science","Engineering","0",0.859268643215378,0.714272939627956
"484",2022,"3","FT",216000,"US",100,"US","2","Data Science","Engineering","0",0.859268643215378,0.714272939627956
"485",2022,"2","FT",210000,"US",100,"US","2","Data Science","Engineering","0",0.859268643215378,0.714272939627956
"486",2022,"2","FT",120000,"US",100,"US","2","Machine Learning","Engineering","0",0.859268643215378,0.714272939627956
"487",2022,"2","FT",230000,"US",100,"US","2","Data Science","Research","0",0.859268643215378,0.714272939627956
"488",2022,"0","PT",100000,"DZ",50,"DZ","2","Data Science","Research","0",0.859268643215378,-0.513952766757793
"489",2022,"1","FL",100000,"CA",100,"US","2","Data Science","Research","0",0.859268643215378,0.714272939627956
"490",2022,"0","CT",31875,"TN",100,"CZ","2","Data Science","Research","0",0.859268643215378,0.714272939627956
"491",2022,"2","FT",200000,"MY",100,"US","2","Data Science","Unspecified","1",0.859268643215378,0.714272939627956
"492",2022,"1","FT",75000,"CA",100,"CA","1","Data Science","Analyst","1",0.859268643215378,0.714272939627956
"493",2022,"1","FT",35590,"PL",100,"PL","3","Data Science","Research","0",0.859268643215378,0.714272939627956
"494",2022,"2","FT",78791,"CA",100,"CA","2","Machine Learning","Engineering","0",0.859268643215378,0.714272939627956
"495",2022,"2","FT",100000,"BR",100,"US","2","Data Science","Research","0",0.859268643215378,0.714272939627956
"496",2022,"1","FT",153000,"US",50,"US","2","Data Science","Research","0",0.859268643215378,-0.513952766757793
"497",2022,"0","FT",58035,"PK",100,"DE","2","Data Science","Engineering","0",0.859268643215378,0.714272939627956
"498",2022,"2","FT",165000,"US",100,"US","2","Data Science","Research","0",0.859268643215378,0.714272939627956
"499",2022,"2","FT",93427,"FR",50,"FR","3","Data Science","Research","0",0.859268643215378,-0.513952766757793
"500",2022,"0","FT",52396,"CA",100,"CA","3","Data Science","Research","0",0.859268643215378,0.714272939627956
"501",2022,"2","FT",62651,"NL",100,"NL","3","Machine Learning","Engineering","0",0.859268643215378,0.714272939627956
"502",2022,"1","FT",32974,"EE",100,"EE","1","Data Science","Unspecified","1",0.859268643215378,0.714272939627956
"503",2022,"0","FT",40000,"JP",100,"MY","3","Data Science","Research","0",0.859268643215378,0.714272939627956
"504",2022,"1","FT",87425,"AU",100,"AU","3","Machine Learning","Engineering","0",0.859268643215378,0.714272939627956
"505",2022,"2","FT",115000,"US",100,"US","2","Data Science","Engineering","0",0.859268643215378,0.714272939627956
"506",2022,"0","FT",86703,"AU",50,"AU","2","Data Science","Research","0",0.859268643215378,-0.513952766757793
"507",2022,"1","FT",75000,"BO",100,"US","3","Data Science","Research","0",0.859268643215378,0.714272939627956
"508",2022,"1","FT",64849,"AT",0,"AT","3","Data Science","Research","0",0.859268643215378,-1.74217847314354
"509",2022,"0","FT",120000,"US",100,"US","3","Data Science","Research","0",0.859268643215378,0.714272939627956
"510",2022,"1","FT",157000,"US",100,"US","3","Data Science","Research","0",0.859268643215378,0.714272939627956
"511",2022,"0","FT",150000,"AU",100,"AU","1","Artificial Intelligence","Engineering","0",0.859268643215378,0.714272939627956
"512",2022,"1","FT",70912,"CA",50,"CA","3","Data Science","Analyst","0",0.859268643215378,-0.513952766757793
"513",2022,"0","FT",65000,"US",100,"US","1","Data Science","Engineering","0",0.859268643215378,0.714272939627956
"514",2022,"2","FT",71444,"IE",100,"IE","1","Machine Learning","Engineering","0",0.859268643215378,0.714272939627956
"515",2022,"0","FT",20000,"PK",0,"PK","2","Data Science","Engineering","0",0.859268643215378,-1.74217847314354
"516",2022,"1","FT",48000,"RU",100,"US","1","Data Science","Research","0",0.859268643215378,0.714272939627956
"517",2022,"2","FT",152500,"US",100,"US","2","Data Science","Research","1",0.859268643215378,0.714272939627956
"518",2022,"1","FT",68147,"FR",100,"FR","2","Data Science","Engineering","0",0.859268643215378,0.714272939627956
"519",2022,"1","FT",122346,"CH",0,"CH","3","Data Science","Research","0",0.859268643215378,-1.74217847314354
"520",2022,"2","FT",380000,"US",100,"US","3","Data Science","Research","0",0.859268643215378,0.714272939627956
"521",2022,"1","FT",69336,"CA",100,"CA","2","Data Science","Research","0",0.859268643215378,0.714272939627956
"522",2022,"0","FT",10000,"PT",100,"LU","2","Artificial Intelligence","Engineering","0",0.859268643215378,0.714272939627956
"523",2022,"1","FT",20000,"GR",100,"GR","1","Data Science","Analyst","0",0.859268643215378,0.714272939627956
"524",2022,"2","FT",405000,"US",100,"US","3","Data Science","Analyst","1",0.859268643215378,0.714272939627956
"525",2022,"1","FT",135000,"US",100,"US","3","Data Science","Research","0",0.859268643215378,0.714272939627956
"526",2022,"2","FT",177000,"US",100,"US","3","Data Science","Research","0",0.859268643215378,0.714272939627956
"527",2022,"1","FT",78000,"US",100,"US","2","Data Science","Research","0",0.859268643215378,0.714272939627956
"528",2022,"2","FT",135000,"US",100,"US","2","Data Science","Analyst","0",0.859268643215378,0.714272939627956
"529",2022,"2","FT",100000,"US",100,"US","2","Data Science","Analyst","0",0.859268643215378,0.714272939627956
"530",2022,"2","FT",90320,"US",100,"US","2","Data Science","Analyst","0",0.859268643215378,0.714272939627956
"531",2022,"1","FT",85000,"CA",0,"CA","2","Data Science","Analyst","0",0.859268643215378,-1.74217847314354
"532",2022,"1","FT",75000,"CA",0,"CA","2","Data Science","Analyst","0",0.859268643215378,-1.74217847314354
"533",2022,"2","FT",214000,"US",100,"US","2","Machine Learning","Engineering","0",0.859268643215378,0.714272939627956
"534",2022,"2","FT",192600,"US",100,"US","2","Machine Learning","Engineering","0",0.859268643215378,0.714272939627956
"535",2022,"2","FT",266400,"US",100,"US","2","Data Science","Engineering","0",0.859268643215378,0.714272939627956
"536",2022,"2","FT",213120,"US",100,"US","2","Data Science","Engineering","0",0.859268643215378,0.714272939627956
"537",2022,"2","FT",112900,"US",100,"US","2","Data Science","Analyst","0",0.859268643215378,0.714272939627956
"538",2022,"2","FT",155000,"US",100,"US","2","Data Science","Engineering","0",0.859268643215378,0.714272939627956
"539",2022,"1","FT",141300,"US",0,"US","2","Data Science","Research","0",0.859268643215378,-1.74217847314354
"540",2022,"1","FT",102100,"US",0,"US","2","Data Science","Research","0",0.859268643215378,-1.74217847314354
"541",2022,"2","FT",115934,"US",100,"US","2","Data Science","Analyst","0",0.859268643215378,0.714272939627956
"542",2022,"2","FT",81666,"US",100,"US","2","Data Science","Analyst","0",0.859268643215378,0.714272939627956
"543",2022,"1","FT",206699,"US",0,"US","2","Data Science","Engineering","0",0.859268643215378,-1.74217847314354
"544",2022,"1","FT",99100,"US",0,"US","2","Data Science","Engineering","0",0.859268643215378,-1.74217847314354
"545",2022,"2","FT",130000,"US",100,"US","2","Data Science","Engineering","0",0.859268643215378,0.714272939627956
"546",2022,"2","FT",115000,"US",100,"US","2","Data Science","Engineering","0",0.859268643215378,0.714272939627956
"547",2022,"2","FT",110500,"US",100,"US","2","Data Science","Engineering","0",0.859268643215378,0.714272939627956
"548",2022,"2","FT",130000,"US",100,"US","2","Data Science","Engineering","0",0.859268643215378,0.714272939627956
"549",2022,"2","FT",99050,"US",100,"US","2","Data Science","Analyst","0",0.859268643215378,0.714272939627956
"550",2022,"2","FT",160000,"US",100,"US","2","Data Science","Engineering","0",0.859268643215378,0.714272939627956
"551",2022,"2","FT",205300,"US",0,"US","3","Data Science","Research","0",0.859268643215378,-1.74217847314354
"552",2022,"2","FT",140400,"US",0,"US","3","Data Science","Research","0",0.859268643215378,-1.74217847314354
"553",2022,"2","FT",176000,"US",100,"US","2","Data Science","Research","0",0.859268643215378,0.714272939627956
"554",2022,"2","FT",144000,"US",100,"US","2","Data Science","Research","0",0.859268643215378,0.714272939627956
"555",2022,"2","FT",200100,"US",100,"US","2","Data Science","Engineering","0",0.859268643215378,0.714272939627956
"556",2022,"2","FT",160000,"US",100,"US","2","Data Science","Engineering","0",0.859268643215378,0.714272939627956
"557",2022,"2","FT",145000,"US",100,"US","2","Data Science","Engineering","0",0.859268643215378,0.714272939627956
"558",2022,"2","FT",70500,"US",0,"US","2","Data Science","Engineering","0",0.859268643215378,-1.74217847314354
"559",2022,"2","FT",205300,"US",0,"US","2","Data Science","Research","0",0.859268643215378,-1.74217847314354
"560",2022,"2","FT",140400,"US",0,"US","2","Data Science","Research","0",0.859268643215378,-1.74217847314354
"561",2022,"2","FT",205300,"US",0,"US","2","Data Science","Engineering","0",0.859268643215378,-1.74217847314354
"562",2022,"2","FT",184700,"US",0,"US","2","Data Science","Engineering","0",0.859268643215378,-1.74217847314354
"563",2022,"2","FT",175100,"US",100,"US","2","Data Science","Engineering","0",0.859268643215378,0.714272939627956
"564",2022,"2","FT",140250,"US",100,"US","2","Data Science","Engineering","0",0.859268643215378,0.714272939627956
"565",2022,"2","FT",116150,"US",100,"US","2","Data Science","Analyst","0",0.859268643215378,0.714272939627956
"566",2022,"2","FT",54000,"US",0,"US","2","Data Science","Engineering","0",0.859268643215378,-1.74217847314354
"567",2022,"2","FT",170000,"US",100,"US","2","Data Science","Analyst","0",0.859268643215378,0.714272939627956
"568",2022,"1","FT",65438,"GB",0,"GB","2","Data Science","Analyst","0",0.859268643215378,-1.74217847314354
"569",2022,"2","FT",80000,"US",100,"US","2","Data Science","Analyst","0",0.859268643215378,0.714272939627956
"570",2022,"2","FT",140000,"US",100,"US","2","Data Science","Research","0",0.859268643215378,0.714272939627956
"571",2022,"2","FT",210000,"US",100,"US","2","Data Science","Research","0",0.859268643215378,0.714272939627956
"572",2022,"2","FT",140000,"US",100,"US","2","Data Science","Research","0",0.859268643215378,0.714272939627956
"573",2022,"2","FT",100000,"US",100,"US","2","Data Science","Analyst","0",0.859268643215378,0.714272939627956
"574",2022,"2","FT",69000,"US",100,"US","2","Data Science","Analyst","0",0.859268643215378,0.714272939627956
"575",2022,"2","FT",210000,"US",100,"US","2","Data Science","Research","0",0.859268643215378,0.714272939627956
"576",2022,"2","FT",140000,"US",100,"US","2","Data Science","Research","0",0.859268643215378,0.714272939627956
"577",2022,"2","FT",210000,"US",100,"US","2","Data Science","Research","0",0.859268643215378,0.714272939627956
"578",2022,"2","FT",150075,"US",100,"US","2","Data Science","Analyst","0",0.859268643215378,0.714272939627956
"579",2022,"2","FT",100000,"US",100,"US","2","Data Science","Engineering","0",0.859268643215378,0.714272939627956
"580",2022,"2","FT",25000,"US",100,"US","2","Data Science","Engineering","0",0.859268643215378,0.714272939627956
"581",2022,"2","FT",126500,"US",100,"US","2","Data Science","Analyst","0",0.859268643215378,0.714272939627956
"582",2022,"2","FT",106260,"US",100,"US","2","Data Science","Analyst","0",0.859268643215378,0.714272939627956
"583",2022,"2","FT",220110,"US",100,"US","2","Data Science","Engineering","0",0.859268643215378,0.714272939627956
"584",2022,"2","FT",160080,"US",100,"US","2","Data Science","Engineering","0",0.859268643215378,0.714272939627956
"585",2022,"2","FT",105000,"US",100,"US","2","Data Science","Analyst","0",0.859268643215378,0.714272939627956
"586",2022,"2","FT",110925,"US",100,"US","2","Data Science","Analyst","0",0.859268643215378,0.714272939627956
"587",2022,"1","FT",45807,"GB",0,"GB","2","Data Science","Analyst","0",0.859268643215378,-1.74217847314354
"588",2022,"2","FT",140000,"US",100,"US","2","Data Science","Research","0",0.859268643215378,0.714272939627956
"589",2022,"2","FT",99000,"US",0,"US","2","Data Science","Analyst","0",0.859268643215378,-1.74217847314354
"590",2022,"2","FT",60000,"US",100,"US","2","Data Science","Analyst","0",0.859268643215378,0.714272939627956
"591",2022,"2","FT",192564,"US",100,"US","2","Data Science","Engineering","0",0.859268643215378,0.714272939627956
"592",2022,"2","FT",144854,"US",100,"US","2","Data Science","Engineering","0",0.859268643215378,0.714272939627956
"593",2022,"2","FT",230000,"US",100,"US","2","Data Science","Research","0",0.859268643215378,0.714272939627956
"594",2022,"2","FT",150000,"US",100,"US","2","Data Science","Research","0",0.859268643215378,0.714272939627956
"595",2022,"2","FT",150260,"US",100,"US","2","Data Science","Analyst","1",0.859268643215378,0.714272939627956
"596",2022,"2","FT",109280,"US",100,"US","2","Data Science","Analyst","1",0.859268643215378,0.714272939627956
"597",2022,"2","FT",210000,"US",100,"US","2","Data Science","Research","0",0.859268643215378,0.714272939627956
"598",2022,"2","FT",170000,"US",100,"US","2","Data Science","Analyst","0",0.859268643215378,0.714272939627956
"599",2022,"1","FT",160000,"US",100,"US","2","Data Science","Research","0",0.859268643215378,0.714272939627956
"600",2022,"1","FT",130000,"US",100,"US","2","Data Science","Research","0",0.859268643215378,0.714272939627956
"601",2022,"0","FT",67000,"CA",0,"CA","2","Data Science","Analyst","0",0.859268643215378,-1.74217847314354
"602",2022,"0","FT",52000,"CA",0,"CA","2","Data Science","Analyst","0",0.859268643215378,-1.74217847314354
"603",2022,"2","FT",154000,"US",100,"US","2","Data Science","Engineering","0",0.859268643215378,0.714272939627956
"604",2022,"2","FT",126000,"US",100,"US","2","Data Science","Engineering","0",0.859268643215378,0.714272939627956
"605",2022,"2","FT",129000,"US",0,"US","2","Data Science","Analyst","0",0.859268643215378,-1.74217847314354
"606",2022,"2","FT",150000,"US",100,"US","2","Data Science","Analyst","0",0.859268643215378,0.714272939627956
"607",2022,"1","FT",200000,"IN",100,"US","3","Data Science","Research","0",0.859268643215378,0.714272939627956
